<?xml version="1.0" encoding="UTF-8"?>
<GenRun Id="impl_1" LaunchPart="xc7a35tcpg236-2L" LaunchTime="1633997284">
  <File Type="ROUTE-PWR" Name="MOD_BANDERA_PF_power_routed.rpt"/>
  <File Type="PA-TCL" Name="MOD_BANDERA_PF.tcl"/>
  <File Type="BITSTR-MMI" Name="MOD_BANDERA_PF.mmi"/>
  <File Type="OPT-METHODOLOGY-DRC" Name="MOD_BANDERA_PF_methodology_drc_opted.rpt"/>
  <File Type="INIT-TIMING" Name="MOD_BANDERA_PF_timing_summary_init.rpt"/>
  <File Type="ROUTE-PWR-SUM" Name="MOD_BANDERA_PF_power_summary_routed.pb"/>
  <File Type="REPORTS-TCL" Name="MOD_BANDERA_PF_reports.tcl"/>
  <File Type="OPT-TIMING" Name="MOD_BANDERA_PF_timing_summary_opted.rpt"/>
  <File Type="OPT-DCP" Name="MOD_BANDERA_PF_opt.dcp"/>
  <File Type="OPT-DRC" Name="MOD_BANDERA_PF_drc_opted.rpt"/>
  <File Type="OPT-HWDEF" Name="MOD_BANDERA_PF.hwdef"/>
  <File Type="PWROPT-DCP" Name="MOD_BANDERA_PF_pwropt.dcp"/>
  <File Type="PWROPT-DRC" Name="MOD_BANDERA_PF_drc_pwropted.rpt"/>
  <File Type="PWROPT-TIMING" Name="MOD_BANDERA_PF_timing_summary_pwropted.rpt"/>
  <File Type="PLACE-DCP" Name="MOD_BANDERA_PF_placed.dcp"/>
  <File Type="PLACE-IO" Name="MOD_BANDERA_PF_io_placed.rpt"/>
  <File Type="PLACE-CLK" Name="MOD_BANDERA_PF_clock_utilization_placed.rpt"/>
  <File Type="PLACE-UTIL" Name="MOD_BANDERA_PF_utilization_placed.rpt"/>
  <File Type="PLACE-UTIL-PB" Name="MOD_BANDERA_PF_utilization_placed.pb"/>
  <File Type="PLACE-CTRL" Name="MOD_BANDERA_PF_control_sets_placed.rpt"/>
  <File Type="PLACE-SIMILARITY" Name="MOD_BANDERA_PF_incremental_reuse_placed.rpt"/>
  <File Type="PLACE-PRE-SIMILARITY" Name="MOD_BANDERA_PF_incremental_reuse_pre_placed.rpt"/>
  <File Type="BG-BIN" Name="MOD_BANDERA_PF.bin"/>
  <File Type="PLACE-TIMING" Name="MOD_BANDERA_PF_timing_summary_placed.rpt"/>
  <File Type="POSTPLACE-PWROPT-DCP" Name="MOD_BANDERA_PF_postplace_pwropt.dcp"/>
  <File Type="BITSTR-MSK" Name="MOD_BANDERA_PF.msk"/>
  <File Type="POSTPLACE-PWROPT-TIMING" Name="MOD_BANDERA_PF_timing_summary_postplace_pwropted.rpt"/>
  <File Type="PHYSOPT-DCP" Name="MOD_BANDERA_PF_physopt.dcp"/>
  <File Type="PHYSOPT-DRC" Name="MOD_BANDERA_PF_drc_physopted.rpt"/>
  <File Type="BITSTR-RBT" Name="MOD_BANDERA_PF.rbt"/>
  <File Type="PHYSOPT-TIMING" Name="MOD_BANDERA_PF_timing_summary_physopted.rpt"/>
  <File Type="ROUTE-ERROR-DCP" Name="MOD_BANDERA_PF_routed_error.dcp"/>
  <File Type="ROUTE-DCP" Name="MOD_BANDERA_PF_routed.dcp"/>
  <File Type="ROUTE-BLACKBOX-DCP" Name="MOD_BANDERA_PF_routed_bb.dcp"/>
  <File Type="ROUTE-DRC" Name="MOD_BANDERA_PF_drc_routed.rpt"/>
  <File Type="ROUTE-DRC-PB" Name="MOD_BANDERA_PF_drc_routed.pb"/>
  <File Type="ROUTE-DRC-RPX" Name="MOD_BANDERA_PF_drc_routed.rpx"/>
  <File Type="ROUTE-METHODOLOGY-DRC" Name="MOD_BANDERA_PF_methodology_drc_routed.rpt"/>
  <File Type="ROUTE-METHODOLOGY-DRC-RPX" Name="MOD_BANDERA_PF_methodology_drc_routed.rpx"/>
  <File Type="ROUTE-METHODOLOGY-DRC-PB" Name="MOD_BANDERA_PF_methodology_drc_routed.pb"/>
  <File Type="ROUTE-PWR-RPX" Name="MOD_BANDERA_PF_power_routed.rpx"/>
  <File Type="ROUTE-STATUS" Name="MOD_BANDERA_PF_route_status.rpt"/>
  <File Type="ROUTE-STATUS-PB" Name="MOD_BANDERA_PF_route_status.pb"/>
  <File Type="ROUTE-TIMINGSUMMARY" Name="MOD_BANDERA_PF_timing_summary_routed.rpt"/>
  <File Type="ROUTE-TIMING-PB" Name="MOD_BANDERA_PF_timing_summary_routed.pb"/>
  <File Type="ROUTE-TIMING-RPX" Name="MOD_BANDERA_PF_timing_summary_routed.rpx"/>
  <File Type="ROUTE-SIMILARITY" Name="MOD_BANDERA_PF_incremental_reuse_routed.rpt"/>
  <File Type="ROUTE-CLK" Name="MOD_BANDERA_PF_clock_utilization_routed.rpt"/>
  <File Type="ROUTE-BUS-SKEW" Name="MOD_BANDERA_PF_bus_skew_routed.rpt"/>
  <File Type="ROUTE-BUS-SKEW-PB" Name="MOD_BANDERA_PF_bus_skew_routed.pb"/>
  <File Type="ROUTE-BUS-SKEW-RPX" Name="MOD_BANDERA_PF_bus_skew_routed.rpx"/>
  <File Type="POSTROUTE-PHYSOPT-DCP" Name="MOD_BANDERA_PF_postroute_physopt.dcp"/>
  <File Type="POSTROUTE-PHYSOPT-BLACKBOX-DCP" Name="MOD_BANDERA_PF_postroute_physopt_bb.dcp"/>
  <File Type="POSTROUTE-PHYSOPT-TIMING" Name="MOD_BANDERA_PF_timing_summary_postroute_physopted.rpt"/>
  <File Type="POSTROUTE-PHYSOPT-TIMING-PB" Name="MOD_BANDERA_PF_timing_summary_postroute_physopted.pb"/>
  <File Type="POSTROUTE-PHYSOPT-TIMING-RPX" Name="MOD_BANDERA_PF_timing_summary_postroute_physopted.rpx"/>
  <File Type="POSTROUTE-PHYSOPT-BUS-SKEW" Name="MOD_BANDERA_PF_bus_skew_postroute_physopted.rpt"/>
  <File Type="BG-BIT" Name="MOD_BANDERA_PF.bit"/>
  <File Type="POSTROUTE-PHYSOPT-BUS-SKEW-PB" Name="MOD_BANDERA_PF_bus_skew_postroute_physopted.pb"/>
  <File Type="POSTROUTE-PHYSOPT-BUS-SKEW-RPX" Name="MOD_BANDERA_PF_bus_skew_postroute_physopted.rpx"/>
  <File Type="BITSTR-NKY" Name="MOD_BANDERA_PF.nky"/>
  <File Type="BITSTR-BMM" Name="MOD_BANDERA_PF_bd.bmm"/>
  <File Type="PDI-FILE" Name="MOD_BANDERA_PF.pdi"/>
  <File Type="RCFI_FILE" Name="MOD_BANDERA_PF.rcfi"/>
  <File Type="CFI_FILE" Name="MOD_BANDERA_PF.cfi"/>
  <File Type="RNPI_FILE" Name="MOD_BANDERA_PF.rnpi"/>
  <File Type="NPI_FILE" Name="MOD_BANDERA_PF.npi"/>
  <File Type="RBD_FILE" Name="MOD_BANDERA_PF.rbd"/>
  <File Type="BITSTR-LTX" Name="debug_nets.ltx"/>
  <File Type="BITSTR-LTX" Name="MOD_BANDERA_PF.ltx"/>
  <File Type="BITSTR-SYSDEF" Name="MOD_BANDERA_PF.sysdef"/>
  <File Type="BG-BGN" Name="MOD_BANDERA_PF.bgn"/>
  <File Type="BG-DRC" Name="MOD_BANDERA_PF.drc"/>
  <File Type="RDI-RDI" Name="MOD_BANDERA_PF.vdi"/>
  <File Type="WBT-USG" Name="usage_statistics_webtalk.html"/>
  <FileSet Name="sources" Type="DesignSrcs" RelSrcDir="$PSRCDIR/sources_1" RelGenDir="$PGENDIR/sources_1">
    <Filter Type="Srcs"/>
    <File Path="$PSRCDIR/sources_1/new/MOD_BANDERA_PF.v">
      <FileInfo>
        <Attr Name="UsedIn" Val="synthesis"/>
        <Attr Name="UsedIn" Val="implementation"/>
        <Attr Name="UsedIn" Val="simulation"/>
      </FileInfo>
    </File>
    <File Path="$PSRCDIR/sources_1/new/MOD_AND_2x6b.v">
      <FileInfo>
        <Attr Name="AutoDisabled" Val="1"/>
        <Attr Name="ImportPath" Val="$PPRDIR/../Proyecto2_ALU_v1/Proyecto2_ALU_v1.srcs/sources_1/new/MOD_AND_2x6b.v"/>
        <Attr Name="ImportTime" Val="1633910786"/>
        <Attr Name="UsedIn" Val="synthesis"/>
        <Attr Name="UsedIn" Val="implementation"/>
        <Attr Name="UsedIn" Val="simulation"/>
      </FileInfo>
    </File>
    <File Path="$PSRCDIR/sources_1/new/MOD_BANDERA_ZF.v">
      <FileInfo>
        <Attr Name="AutoDisabled" Val="1"/>
        <Attr Name="UsedIn" Val="synthesis"/>
        <Attr Name="UsedIn" Val="implementation"/>
        <Attr Name="UsedIn" Val="simulation"/>
      </FileInfo>
    </File>
    <File Path="$PSRCDIR/sources_1/new/MOD_Conversor_Comp2.v">
      <FileInfo>
        <Attr Name="AutoDisabled" Val="1"/>
        <Attr Name="ImportPath" Val="$PPRDIR/../Proyecto2_ALU_v1/Proyecto2_ALU_v1.srcs/sources_1/new/MOD_Conversor_Comp2.v"/>
        <Attr Name="ImportTime" Val="1633910530"/>
        <Attr Name="UsedIn" Val="synthesis"/>
        <Attr Name="UsedIn" Val="implementation"/>
        <Attr Name="UsedIn" Val="simulation"/>
      </FileInfo>
    </File>
    <File Path="$PSRCDIR/sources_1/new/MOD_DESPLAZAMIENTO_DER.v">
      <FileInfo>
        <Attr Name="AutoDisabled" Val="1"/>
        <Attr Name="ImportPath" Val="$PPRDIR/../Proyecto2_ALU_v1/Proyecto2_ALU_v1.srcs/sources_1/new/MOD_DESPLAZAMIENTO_DER.v"/>
        <Attr Name="ImportTime" Val="1633910456"/>
        <Attr Name="UsedIn" Val="synthesis"/>
        <Attr Name="UsedIn" Val="implementation"/>
        <Attr Name="UsedIn" Val="simulation"/>
      </FileInfo>
    </File>
    <File Path="$PSRCDIR/sources_1/new/MOD_MULTIPLICADOR.v">
      <FileInfo>
        <Attr Name="AutoDisabled" Val="1"/>
        <Attr Name="ImportPath" Val="$PPRDIR/../Proyecto2_ALU_v1/Proyecto2_ALU_v1.srcs/sources_1/new/MOD_MULTIPLICADOR.v"/>
        <Attr Name="ImportTime" Val="1633910546"/>
        <Attr Name="UsedIn" Val="synthesis"/>
        <Attr Name="UsedIn" Val="implementation"/>
        <Attr Name="UsedIn" Val="simulation"/>
      </FileInfo>
    </File>
    <File Path="$PSRCDIR/sources_1/new/MOD_Mux_2a1_REST.v">
      <FileInfo>
        <Attr Name="AutoDisabled" Val="1"/>
        <Attr Name="ImportPath" Val="$PPRDIR/../Proyecto2_ALU_v1/Proyecto2_ALU_v1.srcs/sources_1/new/MOD_Mux_2a1_REST.v"/>
        <Attr Name="ImportTime" Val="1633916411"/>
        <Attr Name="UsedIn" Val="synthesis"/>
        <Attr Name="UsedIn" Val="implementation"/>
        <Attr Name="UsedIn" Val="simulation"/>
      </FileInfo>
    </File>
    <File Path="$PSRCDIR/sources_1/new/MOD_Mux_2a1_SumRest.v">
      <FileInfo>
        <Attr Name="AutoDisabled" Val="1"/>
        <Attr Name="ImportPath" Val="$PPRDIR/../Proyecto2_ALU_v1/Proyecto2_ALU_v1.srcs/sources_1/new/MOD_Mux_2a1_SumRest.v"/>
        <Attr Name="ImportTime" Val="1633916454"/>
        <Attr Name="UsedIn" Val="synthesis"/>
        <Attr Name="UsedIn" Val="implementation"/>
        <Attr Name="UsedIn" Val="simulation"/>
      </FileInfo>
    </File>
    <File Path="$PSRCDIR/sources_1/new/MOD_OR_2x6b.v">
      <FileInfo>
        <Attr Name="AutoDisabled" Val="1"/>
        <Attr Name="ImportPath" Val="$PPRDIR/../Proyecto2_ALU_v1/Proyecto2_ALU_v1.srcs/sources_1/new/MOD_OR_2x6b.v"/>
        <Attr Name="ImportTime" Val="1633910754"/>
        <Attr Name="UsedIn" Val="synthesis"/>
        <Attr Name="UsedIn" Val="implementation"/>
        <Attr Name="UsedIn" Val="simulation"/>
      </FileInfo>
    </File>
    <File Path="$PSRCDIR/sources_1/new/MOD_QUINTUPLICADOR.v">
      <FileInfo>
        <Attr Name="AutoDisabled" Val="1"/>
        <Attr Name="ImportPath" Val="$PPRDIR/../Proyecto2_ALU_v1/Proyecto2_ALU_v1.srcs/sources_1/new/MOD_QUINTUPLICADOR.v"/>
        <Attr Name="ImportTime" Val="1633910096"/>
        <Attr Name="UsedIn" Val="synthesis"/>
        <Attr Name="UsedIn" Val="implementation"/>
        <Attr Name="UsedIn" Val="simulation"/>
      </FileInfo>
    </File>
    <File Path="$PSRCDIR/sources_1/new/MOD_SUM_REST_6b.v">
      <FileInfo>
        <Attr Name="AutoDisabled" Val="1"/>
        <Attr Name="ImportPath" Val="$PPRDIR/../Proyecto2_ALU_v1/Proyecto2_ALU_v1.srcs/sources_1/new/MOD_SUM_REST_6b.v"/>
        <Attr Name="ImportTime" Val="1633916384"/>
        <Attr Name="UsedIn" Val="synthesis"/>
        <Attr Name="UsedIn" Val="implementation"/>
        <Attr Name="UsedIn" Val="simulation"/>
      </FileInfo>
    </File>
    <File Path="$PSRCDIR/sources_1/new/MOD_XOR_2x6b.v">
      <FileInfo>
        <Attr Name="AutoDisabled" Val="1"/>
        <Attr Name="ImportPath" Val="$PPRDIR/../Proyecto2_ALU_v1/Proyecto2_ALU_v1.srcs/sources_1/new/MOD_XOR_2x6b.v"/>
        <Attr Name="ImportTime" Val="1633910680"/>
        <Attr Name="UsedIn" Val="synthesis"/>
        <Attr Name="UsedIn" Val="implementation"/>
        <Attr Name="UsedIn" Val="simulation"/>
      </FileInfo>
    </File>
    <File Path="$PSRCDIR/sources_1/new/Mux_2a1.v">
      <FileInfo>
        <Attr Name="AutoDisabled" Val="1"/>
        <Attr Name="ImportPath" Val="$PPRDIR/../Proyecto2_ALU_v1/Proyecto2_ALU_v1.srcs/sources_1/new/Mux_2a1.v"/>
        <Attr Name="ImportTime" Val="1633910568"/>
        <Attr Name="UsedIn" Val="synthesis"/>
        <Attr Name="UsedIn" Val="implementation"/>
        <Attr Name="UsedIn" Val="simulation"/>
      </FileInfo>
    </File>
    <Config>
      <Option Name="DesignMode" Val="RTL"/>
      <Option Name="TopModule" Val="MOD_BANDERA_PF"/>
    </Config>
  </FileSet>
  <FileSet Name="constrs_in" Type="Constrs" RelSrcDir="$PSRCDIR/constrs_1">
    <Filter Type="Constrs"/>
    <Config>
      <Option Name="ConstrsType" Val="XDC"/>
    </Config>
  </FileSet>
  <FileSet Name="utils" Type="Utils" RelSrcDir="$PSRCDIR/utils_1">
    <Filter Type="Utils"/>
    <Config>
      <Option Name="TopAutoSet" Val="TRUE"/>
    </Config>
  </FileSet>
  <Strategy Version="1" Minor="2">
    <StratHandle Name="Vivado Implementation Defaults" Flow="Vivado Implementation 2021"/>
    <Step Id="init_design"/>
    <Step Id="opt_design"/>
    <Step Id="power_opt_design"/>
    <Step Id="place_design"/>
    <Step Id="post_place_power_opt_design"/>
    <Step Id="phys_opt_design"/>
    <Step Id="route_design"/>
    <Step Id="post_route_phys_opt_design"/>
    <Step Id="write_bitstream"/>
  </Strategy>
</GenRun>
