<?xml version="1.0" encoding="UTF-8"?>
<GenRun Id="synth_1" LaunchPart="xc7a35tcpg236-2L" LaunchTime="1633917491">
  <File Type="PA-TCL" Name="MOD_SUM_REST_6b.tcl"/>
  <File Type="RDS-PROPCONSTRS" Name="MOD_SUM_REST_6b_drc_synth.rpt"/>
  <File Type="REPORTS-TCL" Name="MOD_SUM_REST_6b_reports.tcl"/>
  <File Type="RDS-RDS" Name="MOD_SUM_REST_6b.vds"/>
  <File Type="RDS-UTIL" Name="MOD_SUM_REST_6b_utilization_synth.rpt"/>
  <File Type="RDS-UTIL-PB" Name="MOD_SUM_REST_6b_utilization_synth.pb"/>
  <File Type="RDS-DCP" Name="MOD_SUM_REST_6b.dcp"/>
  <File Type="VDS-TIMINGSUMMARY" Name="MOD_SUM_REST_6b_timing_summary_synth.rpt"/>
  <File Type="VDS-TIMING-PB" Name="MOD_SUM_REST_6b_timing_summary_synth.pb"/>
  <FileSet Name="sources" Type="DesignSrcs" RelSrcDir="$PSRCDIR/sources_1" RelGenDir="$PGENDIR/sources_1">
    <Filter Type="Srcs"/>
    <File Path="$PSRCDIR/sources_1/new/MOD_Mux_2a1_REST.v">
      <FileInfo>
        <Attr Name="ImportPath" Val="$PPRDIR/../Proyecto2_ALU_v1/Proyecto2_ALU_v1.srcs/sources_1/new/MOD_Mux_2a1_REST.v"/>
        <Attr Name="ImportTime" Val="1633916411"/>
        <Attr Name="UsedIn" Val="synthesis"/>
        <Attr Name="UsedIn" Val="implementation"/>
        <Attr Name="UsedIn" Val="simulation"/>
      </FileInfo>
    </File>
    <File Path="$PSRCDIR/sources_1/new/MOD_Mux_2a1_SumRest.v">
      <FileInfo>
        <Attr Name="ImportPath" Val="$PPRDIR/../Proyecto2_ALU_v1/Proyecto2_ALU_v1.srcs/sources_1/new/MOD_Mux_2a1_SumRest.v"/>
        <Attr Name="ImportTime" Val="1633916454"/>
        <Attr Name="UsedIn" Val="synthesis"/>
        <Attr Name="UsedIn" Val="implementation"/>
        <Attr Name="UsedIn" Val="simulation"/>
      </FileInfo>
    </File>
    <File Path="$PSRCDIR/sources_1/new/MOD_SUM_REST_6b.v">
      <FileInfo>
        <Attr Name="ImportPath" Val="$PPRDIR/../Proyecto2_ALU_v1/Proyecto2_ALU_v1.srcs/sources_1/new/MOD_SUM_REST_6b.v"/>
        <Attr Name="ImportTime" Val="1633916384"/>
        <Attr Name="UsedIn" Val="synthesis"/>
        <Attr Name="UsedIn" Val="implementation"/>
        <Attr Name="UsedIn" Val="simulation"/>
      </FileInfo>
    </File>
    <File Path="$PSRCDIR/sources_1/new/Mux_2a1.v">
      <FileInfo>
        <Attr Name="AutoDisabled" Val="1"/>
        <Attr Name="ImportPath" Val="$PPRDIR/../Proyecto2_ALU_v1/Proyecto2_ALU_v1.srcs/sources_1/new/Mux_2a1.v"/>
        <Attr Name="ImportTime" Val="1633910568"/>
        <Attr Name="UsedIn" Val="synthesis"/>
        <Attr Name="UsedIn" Val="implementation"/>
        <Attr Name="UsedIn" Val="simulation"/>
      </FileInfo>
    </File>
    <File Path="$PSRCDIR/sources_1/new/MOD_Conversor_Comp2.v">
      <FileInfo>
        <Attr Name="AutoDisabled" Val="1"/>
        <Attr Name="ImportPath" Val="$PPRDIR/../Proyecto2_ALU_v1/Proyecto2_ALU_v1.srcs/sources_1/new/MOD_Conversor_Comp2.v"/>
        <Attr Name="ImportTime" Val="1633910530"/>
        <Attr Name="UsedIn" Val="synthesis"/>
        <Attr Name="UsedIn" Val="implementation"/>
        <Attr Name="UsedIn" Val="simulation"/>
      </FileInfo>
    </File>
    <File Path="$PSRCDIR/sources_1/new/MOD_MULTIPLICADOR.v">
      <FileInfo>
        <Attr Name="AutoDisabled" Val="1"/>
        <Attr Name="ImportPath" Val="$PPRDIR/../Proyecto2_ALU_v1/Proyecto2_ALU_v1.srcs/sources_1/new/MOD_MULTIPLICADOR.v"/>
        <Attr Name="ImportTime" Val="1633910546"/>
        <Attr Name="UsedIn" Val="synthesis"/>
        <Attr Name="UsedIn" Val="implementation"/>
        <Attr Name="UsedIn" Val="simulation"/>
      </FileInfo>
    </File>
    <File Path="$PSRCDIR/sources_1/new/MOD_QUINTUPLICADOR.v">
      <FileInfo>
        <Attr Name="AutoDisabled" Val="1"/>
        <Attr Name="ImportPath" Val="$PPRDIR/../Proyecto2_ALU_v1/Proyecto2_ALU_v1.srcs/sources_1/new/MOD_QUINTUPLICADOR.v"/>
        <Attr Name="ImportTime" Val="1633910096"/>
        <Attr Name="UsedIn" Val="synthesis"/>
        <Attr Name="UsedIn" Val="implementation"/>
        <Attr Name="UsedIn" Val="simulation"/>
      </FileInfo>
    </File>
    <File Path="$PSRCDIR/sources_1/new/MOD_DESPLAZAMIENTO_DER.v">
      <FileInfo>
        <Attr Name="AutoDisabled" Val="1"/>
        <Attr Name="ImportPath" Val="$PPRDIR/../Proyecto2_ALU_v1/Proyecto2_ALU_v1.srcs/sources_1/new/MOD_DESPLAZAMIENTO_DER.v"/>
        <Attr Name="ImportTime" Val="1633910456"/>
        <Attr Name="UsedIn" Val="synthesis"/>
        <Attr Name="UsedIn" Val="implementation"/>
        <Attr Name="UsedIn" Val="simulation"/>
      </FileInfo>
    </File>
    <File Path="$PSRCDIR/sources_1/new/MOD_XOR_2x6b.v">
      <FileInfo>
        <Attr Name="AutoDisabled" Val="1"/>
        <Attr Name="ImportPath" Val="$PPRDIR/../Proyecto2_ALU_v1/Proyecto2_ALU_v1.srcs/sources_1/new/MOD_XOR_2x6b.v"/>
        <Attr Name="ImportTime" Val="1633910680"/>
        <Attr Name="UsedIn" Val="synthesis"/>
        <Attr Name="UsedIn" Val="implementation"/>
        <Attr Name="UsedIn" Val="simulation"/>
      </FileInfo>
    </File>
    <File Path="$PSRCDIR/sources_1/new/MOD_OR_2x6b.v">
      <FileInfo>
        <Attr Name="AutoDisabled" Val="1"/>
        <Attr Name="ImportPath" Val="$PPRDIR/../Proyecto2_ALU_v1/Proyecto2_ALU_v1.srcs/sources_1/new/MOD_OR_2x6b.v"/>
        <Attr Name="ImportTime" Val="1633910754"/>
        <Attr Name="UsedIn" Val="synthesis"/>
        <Attr Name="UsedIn" Val="implementation"/>
        <Attr Name="UsedIn" Val="simulation"/>
      </FileInfo>
    </File>
    <File Path="$PSRCDIR/sources_1/new/MOD_AND_2x6b.v">
      <FileInfo>
        <Attr Name="AutoDisabled" Val="1"/>
        <Attr Name="ImportPath" Val="$PPRDIR/../Proyecto2_ALU_v1/Proyecto2_ALU_v1.srcs/sources_1/new/MOD_AND_2x6b.v"/>
        <Attr Name="ImportTime" Val="1633910786"/>
        <Attr Name="UsedIn" Val="synthesis"/>
        <Attr Name="UsedIn" Val="implementation"/>
        <Attr Name="UsedIn" Val="simulation"/>
      </FileInfo>
    </File>
    <Config>
      <Option Name="DesignMode" Val="RTL"/>
      <Option Name="TopModule" Val="MOD_SUM_REST_6b"/>
    </Config>
  </FileSet>
  <FileSet Name="constrs_in" Type="Constrs" RelSrcDir="$PSRCDIR/constrs_1">
    <Filter Type="Constrs"/>
    <Config>
      <Option Name="ConstrsType" Val="XDC"/>
    </Config>
  </FileSet>
  <FileSet Name="utils" Type="Utils" RelSrcDir="$PSRCDIR/utils_1">
    <Filter Type="Utils"/>
    <Config>
      <Option Name="TopAutoSet" Val="TRUE"/>
    </Config>
  </FileSet>
  <Strategy Version="1" Minor="2">
    <StratHandle Name="Vivado Synthesis Defaults" Flow="Vivado Synthesis 2021"/>
    <Step Id="synth_design"/>
  </Strategy>
</GenRun>
